{
  "countries" : {
    "DE" : {
      "name" : "Germany",
      "bank_holidays" : [
        {
          "name" : "New Year Day",
          "date" : "2016-01-01"
        },
        {
          "name" : "Good Friday",
          "date" : "2016-03-25"
        },
        {
          "name" : "Easter Monday",
          "date" : "2016-03-28"
        },
        {
          "name" : "Labour Day",
          "date" : "2016-05-01"
        },
        {
          "name" : "Ascension",
          "date" : "2016-05-05"
        },
        {
          "name" : "Whit Monday",
          "date" : "2016-05-16"
        },
        {
          "name" : "Day of German Unity",
          "date" : "2016-10-03"
        },
        {
          "name" : "Christmas Day",
          "date" : "2016-12-26"
        },
        {
          "name" : "St. Stephens Day",
          "date" : "2016-12-27"
        }
      ]
    },
    "IS" : {
      "name" : "Iceland"
    },
    "ES" : {
      "name" : "Spain",
      "bank_holidays" : [
        {
          "name" : "New Year Day",
          "date" : "2016-01-01"
        },
        {
          "name" : "Epiphany",
          "date" : "2016-01-06"
        },
        {
          "name" : "Good Friday",
          "date" : "2016-03-25"
        },
        {
          "name" : "Labour Day",
          "date" : "2016-05-01"
        },
        {
          "name" : "Assumption Day",
          "date" : "2016-08-15"
        },
        {
          "name" : "Hispanic Day",
          "date" : "2016-10-12"
        },
        {
          "name" : "All Saints Day",
          "date" : "2016-11-01"
        },
        {
          "name" : "Constitution Day",
          "date" : "2016-12-06"
        },
        {
          "name" : "Immaculate Conception Day",
          "date" : "2016-12-08"
        },
        {
          "name" : "Christmas Day",
          "date" : "2016-12-25"
        }
      ]
    },
    "UK" : {
      "name" : "United Kingdom",
      "bank_holidays" : [
        {
          "name" : "New Year Day",
          "date" : "2016-01-01"
        },
        {
          "name" : "Good Friday",
          "date" : "2016-03-25"
        },
        {
          "name" : "Easter Monday",
          "date" : "2016-03-28"
        },
        {
          "name" : "Early May Bank Holiday",
          "date" : "2016-05-02"
        },
        {
          "name" : "Spring Bank Holiday",
          "date" : "2016-05-30"
        },
        {
          "name" : "Boxing Day",
          "date" : "2016-12-26"
        },
        {
          "name" : "Christmas Day",
          "date" : "2016-12-27"
        }
      ]
    },
    "US" : {
      "name" : "United States",
      "bank_holidays" : [
        {
          "name" : "New Year Day",
          "date" : "2016-01-01"
        },
        {
          "name" : "Martin Luther King Day",
          "date" : "2016-01-18"
        },
        {
          "name" : "Memorial Day",
          "date" : "2016-05-30"
        },
        {
          "name" : "Independence Day",
          "date" : "2016-07-04"
        },
        {
          "name" : "Labor Day",
          "date" : "2016-09-05"
        },
        {
          "name" : "Veterans Day",
          "date" : "2016-11-11"
        },
        {
          "name" : "Thanksgiving",
          "date" : "2016-11-24"
        },
        {
          "name" : "Christmas Day",
          "date" : "2016-12-26"
        }
      ]
    },
    "FR" : {
      "name" : "France",
      "default" : 1,
      "bank_holidays" : [
        {
          "name" : "Jour de l'an",
          "date" : "2016-01-01"
        },
        {
          "name" : "Lundi de P\u00e2ques",
          "date" : "2016-03-28"
        },
        {
          "name" : "F\u00eate du Travail",
          "date" : "2016-05-01"
        },
        {
          "name" : "Jeudi de l'Ascension",
          "date" : "2016-05-05"
        },
        {
          "name" : "8 Mai 1945",
          "date" : "2016-05-08"
        },
        {
          "name" : "Lundi de Pentec\u00f4te",
          "date" : "2016-05-16"
        },
        {
          "name" : "F\u00eate nationale",
          "date" : "2016-07-14"
        },
        {
          "name" : "Assomption",
          "date" : "2016-08-15"
        },
        {
          "name" : "La Toussaint",
          "date" : "2016-11-01"
        },
        {
          "name" : "Armistice",
          "date" : "2016-11-11"
        },
        {
          "name" : "No\u00ebl",
          "date" : "2016-12-25"
        },
        {
          "name" : "Jour de l'an",
          "date" : "2017-01-01"
        },
        {
          "name" : "Lundi de P\u00e2ques",
          "date" : "2017-04-17"
        },
        {
          "name" : "F\u00eate du Travail",
          "date" : "2017-05-01"
        },
        {
          "name" : "Jeudi de l'Ascension",
          "date" : "2017-05-25"
        },
        {
          "name" : "8 Mai 1945",
          "date" : "2017-05-08"
        },
        {
          "name" : "Lundi de Pentec\u00f4te",
          "date" : "2017-05-4"
        },
        {
          "name" : "F\u00eate nationale",
          "date" : "2017-07-14"
        },
        {
          "name" : "Assomption",
          "date" : "2017-08-15"
        },
        {
          "name" : "La Toussaint",
          "date" : "2017-11-01"
        },
        {
          "name" : "Armistice",
          "date" : "2017-11-11"
        },
        {
          "name" : "No\u00ebl",
          "date" : "2017-12-25"
        }
      ]
    }
  }
}
